Cites,Authors,Title,Year,Source,Publisher,ArticleURL,CitesURL,GSRank,QueryDate,Type,DOI,ISSN,CitationURL,Volume,Issue,StartPage,EndPage,ECC,CitesPerYear,CitesPerAuthor,AuthorCount,Age,Abstract
173,"P Manning","Semiotics of drink and drinking",2012,"","books.google.com","https://books.google.com/books?hl=en&lr=&id=bfC-kpHdcOcC&oi=fnd&pg=PP2&dq=wermouth+wine+martini&ots=jPxAit5UN7&sig=3ZwWqRzJjwsSSgo4ljTpX2NlVwA","https://scholar.google.com/scholar?cites=16731505957047907324&as_sdt=2005&sciodt=0,5&hl=en",85,"2021-05-06 20:54:20","BOOK","","","",,,,,173,19.22,173,1,9,"… SEMIOTICS OF DRINK AND DRINKING does the convivial drinking and talking, 'sympotic wine and poetic … ofthe 'dry' martini as a type (legisign) doesn't care how much vermouth there is … as a foundation for pronouncing some martinis closer to the prototypical martini than others …"
82,"WR Miller, RF Muñoz","Controlling your drinking: Tools to make moderation work for you",2013,"","books.google.com","https://books.google.com/books?hl=en&lr=&id=YNZQhWHHDtAC&oi=fnd&pg=PP1&dq=wermouth+wine+martini&ots=5-qY5RcBmm&sig=cwZvsz59t5C0srcYO8PSqkXwHH8","https://scholar.google.com/scholar?cites=5402234964940532539&as_sdt=2005&sciodt=0,5&hl=en",110,"2021-05-06 20:54:20","BOOK","","","",,,,,82,10.25,41,2,8,"… It applies equally to a man who most days has a six pack of “light” beer between work and bedtime, a woman who drinks a bottle of wine once or twice a week, and the person whose daily fare is a fifth of scotch. So how much is too much? The US …"
47,"I Tonutti, P Liddle","Aromatic plants in alcoholic beverages. A review.",2010,"Flavour and fragrance journal","Wiley Online Library","https://onlinelibrary.wiley.com/doi/abs/10.1002/ffj.2001","https://scholar.google.com/scholar?cites=2653860051576219202&as_sdt=2005&sciodt=0,5&hl=en",52,"2021-05-06 20:54:20","","","","",,,,,47,4.27,24,2,11,"… The first written scientific information about these wines dates back to this period … wormwood, vermut in German) was literally translated into the German as 'wermut‐wine' during production … was in 1786 that Antonio and Benedetto Carpano prepared the first vermouth formulation …"
41,"M Bartoszek, J Polak","An electron paramagnetic resonance study of antioxidant properties of alcoholic beverages",2012,"Food chemistry","Elsevier","https://www.sciencedirect.com/science/article/pii/S0308814611018528","https://scholar.google.com/scholar?cites=10589639459767768522&as_sdt=2005&sciodt=0,5&hl=en",72,"2021-05-06 20:54:20","","","","",,,,,41,4.56,21,2,9,"… For whisky, vermouth and scented vodkas values of TEAC ranged from 36.8 μmol TE/100 mL (S2) to 115 μmol TE/100 mL (S8). Download : Download full-size image … The high values of TEAC for red wine are consistent with the TEAC values for different red wines tested by …"
31,"O Rosé","by the glass",2017,"","fratelliparadiso.com","http://fratelliparadiso.com/wp-content/uploads/2013/02/Wine-List-September-2017.pdf","https://scholar.google.com/scholar?cites=6776715390829386947&as_sdt=2005&sciodt=0,5&hl=en",32,"2021-05-06 20:54:20","PDF","","","",,,,,31,7.75,31,1,4,"… VERMOUTH gls SILVIO CARTA - Sardegna 'Vermouth di Sardegna' 16 BY THE GLASS SPARKLING … Page 4. ORANGE WINE [all orange wines are available at cellar temp.] ANGIOLINO MAULE - Veneto 'Sassaia' [Garganega blend] 2015 87 …"
22,"D Wondrich","Imbibe!: From Absinthe Cocktail to Whiskey Smash, a Salute in Stories and Drinks to"" Professor"" Jerry Thomas, Pioneer of the American Bar",2015,"","TarcherPerigee","","https://scholar.google.com/scholar?cites=18052009463200387175&as_sdt=2005&sciodt=0,5&hl=en",107,"2021-05-06 20:54:20","CITATION","","","",,,,,22,3.67,22,1,6,""
21,"SG Muthuri, W Zhang…","Beer and wine consumption and risk of knee or hip osteoarthritis: a case control study",2015,"Arthritis …","arthritis-research.biomedcentral.com","https://arthritis-research.biomedcentral.com/articles/10.1186/s13075-015-0534-4","https://scholar.google.com/scholar?cites=13589440691997151658&as_sdt=2005&sciodt=0,5&hl=en",21,"2021-05-06 20:54:20","HTML","","","",,,,,21,3.50,7,3,6,"… beverages (beer, wine, sherry/martini and spirits) as these were not part of the 126 food item semi-quantitative FFQ. Servings for units of alcoholic beverages were as follows: half pints for beer/lager/cider; a glass for white/red wine; a glass of sherry/vermouth/liqueurs; and tots …"
21,"D DeGroff","The Craft of the Cocktail: Everything You Need to Know to Be a Master Bartender, with 500 Recipes",2010,"","books.google.com","https://books.google.com/books?hl=en&lr=&id=QiAOe9R8dJwC&oi=fnd&pg=PT6&dq=wermouth+wine+martini&ots=ShHJJCxWIY&sig=KK7Xe9vLdYrFHz5_ZmbjwMPWbcU","https://scholar.google.com/scholar?cites=5814940319395457527&as_sdt=2005&sciodt=0,5&hl=en",82,"2021-05-06 20:54:20","BOOK","","","",,,,,21,1.91,21,1,11,"… In Italy and France, these plants eventually found their way into fortified and flavored wines, such as vermouth and other apéritif wines … into a colonial New England inn for a cold one, or just as likely a hot one, you'd probably order a ratafia, shrub, turnip wine, posset, pope …"
21,"E Zanoni","Migrant Marketplaces: Food and Italians in North and South America",2018,"","University of Illinois Press","","https://scholar.google.com/scholar?cites=16454191510287253031&as_sdt=2005&sciodt=0,5&hl=en",108,"2021-05-06 20:54:20","CITATION","","","",,,,,21,7.00,21,1,3,""
15,"PS Panesar, VK Joshi, R Panesar, GS Abrol","Vermouth: technology of production and quality characteristics",2011,"Advances in food and …","Elsevier","https://www.sciencedirect.com/science/article/pii/B9780123849274000087","https://scholar.google.com/scholar?cites=9877692699895445477&as_sdt=2005&sciodt=0,5&hl=en",2,"2021-05-06 20:54:20","","","","",,,,,15,1.50,4,4,10,"… Martini and Rossi, part of the Bacardi Empire, is the world's largest vermouth firm. It produces a range of aromatized wines, respecting tradition, but merged with modern, large-scale winemaking … Vermouth is prepared from a base wine, extracting flavorants from herbs and …"
14,"E Fasoli, A D'Amato, A Citterio, PG Righetti","Anyone for an aperitif? Yes, but only a Braulio DOC with its certified proteome",2012,"Journal of proteomics","Elsevier","https://www.sciencedirect.com/science/article/pii/S1874391912002266","https://scholar.google.com/scholar?cites=6609441900757814623&as_sdt=2005&sciodt=0,5&hl=en",96,"2021-05-06 20:54:20","","","","",,,,,14,1.56,4,4,9,"… extension of this work would be to explore the trace proteome of aperitifs, ie alcoholic beverages half a way in between wines (with a 11–13 … It is widely held that the first aperitif was produced in 1786 in Turin, Italy, when Antonio Benedetto Carpano invented vermouth (probably a …"
13,"D DeGroff","The Essential Cocktail: The Art of Mixing Perfect Drinks",2010,"","books.google.com","https://books.google.com/books?hl=en&lr=&id=QQPQnCwBdJ8C&oi=fnd&pg=PT9&dq=wermouth+wine+martini&ots=u8JnkeHi35&sig=Iu61bLrU6yMldAHGYV-o87KJZoM","https://scholar.google.com/scholar?cites=11057096235912853964&as_sdt=2005&sciodt=0,5&hl=en",56,"2021-05-06 20:54:20","BOOK","","","",,,,,13,1.18,13,1,11,"… Italian sweet vermouth ½ ounce Benedictine Shortbread cookie, for garnish Stir the scotch, vermouth, and Benedictine … Then, in 1836, a wine merchant in Faecamp by the name of Alexandra LeGrand … Let other poets raise a fracas A'bout vines, an' wines, an' drunken Bacchus An …"
5,"M Hellmich","The ultimate bar book: the comprehensive guide to over 1,000 cocktails",2010,"","books.google.com","https://books.google.com/books?hl=en&lr=&id=q43NAVAcIAkC&oi=fnd&pg=PA6&dq=wermouth+wine+martini&ots=Uomdo4yggE&sig=SglditLmo2QSDFHV2f5KHmKwXAI","https://scholar.google.com/scholar?cites=15893640252882850855&as_sdt=2005&sciodt=0,5&hl=en",26,"2021-05-06 20:54:20","BOOK","","","",,,,,5,0.45,5,1,11,"… MARTINI PITCHER AND STIRRER These tall, elegant glass pitchers are used for stirring and chilling crystal-clear cocktails such as Martinis … bucket with handles, usually metal, that, when filled with ice, will keep your champagne, white wine, or sweet dessert wines chilled …"
5,"NN Sazhina, VM Misin, EI Korotkova, OA Voronova…","Determination of total antioxidant content in various drinks by amperometry",2014,"Procedia …","Elsevier","https://www.sciencedirect.com/science/article/pii/S1876619614000588","https://scholar.google.com/scholar?cites=7395126519951928871&as_sdt=2005&sciodt=0,5&hl=en",79,"2021-05-06 20:54:20","","","","",,,,,5,0.71,1,5,7,"… 30 Sevastopol Winery, the Crimea Sparkling white muscat, 2009 84.4 31 Artemovskoe Shampanskoe, the Crimea Brut champagne white, 2009 92.1 … 48 Port wine Adam, Azerbaijan Port wine, 2008 63.6 49 Martini Vermouth, Azerbaijan Vermouth white, 2009 28.7 …"
5,"M Wellmann","Handcrafted Cocktails: The Mixologist's Guide to Classic Drinks for Morning, Noon & Night",2013,"","books.google.com","https://books.google.com/books?hl=en&lr=&id=mBljDwAAQBAJ&oi=fnd&pg=PT17&dq=wermouth+wine+martini&ots=bLxK4wjS0n&sig=2kCH3heRfnN7CzrI2ZHSOePJsP8","https://scholar.google.com/scholar?cites=8930477624904709300&as_sdt=2005&sciodt=0,5&hl=en",86,"2021-05-06 20:54:20","BOOK","","","",,,,,5,0.63,5,1,8,"… Vesper Martini French 75 Maiden's Prayer Aviation Southside Communist Cocktail Gaby de Lys Suddenly Seamore Attention Cocktail BRANDY Sidecar Spificator RUM Between the Sheets Airmail Cocktail Lime In The Coconut … Humans have been drinking beer and wine since …"
4,"AWA Schmid","The Manhattan Cocktail: A Modern Guide to the Whiskey Classic",2015,"","books.google.com","https://books.google.com/books?hl=en&lr=&id=Q8JwCgAAQBAJ&oi=fnd&pg=PP1&dq=wermouth+wine+martini&ots=Ne458CoOL-&sig=u8aI_vGE3XqTaJUBTFVMB-A_CVg","https://scholar.google.com/scholar?cites=15136554677419495638&as_sdt=2005&sciodt=0,5&hl=en",20,"2021-05-06 20:54:20","BOOK","","","",,,,,4,0.67,4,1,6,"… Today, many bartenders are reviving the use of fortified wines in modern cocktails.9 The traditional Manhattan is made with sweet vermouth … Sweet vermouth is red or amber in color, and the base wine is aged from two to three years in oak casks before it is fortified and …"
4,"E Duecy","Storied Sips: Evocative Cocktails for Everyday Escapes, with 40 Recipes",2013,"","books.google.com","https://books.google.com/books?hl=en&lr=&id=0WYaZwb11xsC&oi=fnd&pg=PT7&dq=wermouth+wine+martini&ots=ZWIgWl5fNk&sig=yhgw76K0PVSWnPGQhOZ6-WpYC84","https://scholar.google.com/scholar?cites=2434573503725903334&as_sdt=2005&sciodt=0,5&hl=en",60,"2021-05-06 20:54:20","BOOK","","","",,,,,4,0.50,4,1,8,"… European cultures have been mixing spiritsand liqueurs with wines and juicesfor generations, with aperitifs liketheKir Royal and Portonic as evidence.But cocktails areauniquely American innovation … By definition, vermouth is just fortified wine with herbs and botanicals.Until …"
4,"A Hesser","The Essential New York Times Cookbook: Classic Recipes for a New Century",2010,"","books.google.com","https://books.google.com/books?hl=en&lr=&id=QWrVBAAAQBAJ&oi=fnd&pg=PT5&dq=wermouth+wine+martini&ots=O9vcPBoLbQ&sig=TFLxCAXHboNt_b0zISfa_CwbyO4","https://scholar.google.com/scholar?cites=3197669852301117244&as_sdt=2005&sciodt=0,5&hl=en",67,"2021-05-06 20:54:20","BOOK","","","",,,,,4,0.36,4,1,11,"… 1950s— • Passenger jets make travel easier, giving Americans firsthand accessto French cheese and wines … Page 14. the Silver Palate opens on Manhattan's Upper West Side. —1978— • Robert Parker begins publishingThe Wine Advocate; soon wineries quail at his name …"
4,"G Regan","The Negroni: Drinking to la Dolce Vita, with Recipes and Lore",2015,"","Ten Speed Press","","https://scholar.google.com/scholar?cites=9041451045071661479&as_sdt=2005&sciodt=0,5&hl=en",69,"2021-05-06 20:54:20","CITATION","","","",,,,,4,0.67,4,1,6,""
3,"A Morata, C Vaquero, F Palomero, I Loira…","Technology of vermouth wines",2019,"Alcoholic …","Elsevier","https://www.sciencedirect.com/science/article/pii/B9780128152690000027","https://scholar.google.com/scholar?cites=1666650235248199215&as_sdt=2005&sciodt=0,5&hl=en",1,"2021-05-06 20:54:20","","","","",,,,,3,1.50,1,5,2,"… produces dry and sweet vermouths, and the last important company is The Wine Group (Livermore … As just mentioned, recently, some brands of vermouth from countries with less tradition in the … also appearing in the global market, such is the case of Quady Winery's “Vya” from …"
3,"J Brown, A Miller","The Mixellany Guide to Vermouth & Other Aperitifs",2011,"","books.google.com","https://books.google.com/books?hl=en&lr=&id=pj9REBvTV3cC&oi=fnd&pg=PT2&dq=vermouth+wine+martini&ots=Y3J_vmGdYL&sig=eFRGXvJtuAVoww0m1nyNIKSzNVo","https://scholar.google.com/scholar?cites=8908436930865906816&as_sdt=2005&sciodt=0,5&hl=en",4,"2021-05-06 20:54:20","BOOK","","","",,,,,3,0.30,2,2,10,"… Nods of gratitude go to Andrew Quady of Quady Winery, Neil Kopplin and Derek Einberger of Imbue Vermouth, Raj and … introduced French cuisine to the United States, was known to enjoy Reverse Martinis, mixing five parts dry vermouth to one part gin in a wine goblet filled …"
3,"V Reynolds","The Little Black Book of Cocktails: The Essential Guide to New and Old Classics",2010,"","books.google.com","https://books.google.com/books?hl=en&lr=&id=SVqnavIG-uIC&oi=fnd&pg=PA6&dq=wermouth+wine+martini&ots=8d00r84Yo3&sig=3dh2AgmAMXGsG5Ke-GJKxX0Qm4Y","https://scholar.google.com/scholar?cites=7347671155266118681&as_sdt=2005&sciodt=0,5&hl=en",43,"2021-05-06 20:54:20","BOOK","","","",,,,,3,0.27,3,1,11,"… Cocktails .....14 How to Flame a Drink .....16 COCKTAILS CLASSIQUE .....17 Standbys from the Age of Elegance THE MARTINI .....48 Introducing … Finish with a little port wine on top … sweet vermouth Club soda Stir first two ingredients in an iced rocks glass …"
3,"E Ferguson","Drink London",2018,"","books.google.com","https://books.google.com/books?hl=en&lr=&id=aVtwDwAAQBAJ&oi=fnd&pg=PP1&dq=wermouth+wine+martini&ots=1kY12WvAdl&sig=RR-AUrQhnwV84XBjOZHsT1ItRKs","https://scholar.google.com/scholar?cites=3682451329765001423&as_sdt=2005&sciodt=0,5&hl=en",83,"2021-05-06 20:54:20","BOOK","","","",,,,,3,1.00,3,1,3,"… calvados, cognac, armagnac, cidre, liqueur, and of course all that wine… France may … ESSENTIAL ORDER The signature Black Cats, with Tanqueray, vermouth, 'removed cream' (ask for the … devoted to ferments made with house yeasts, which taste intriguingly like natural wines …"
3,"M Simmons","DIY Cocktails: A simple guide to creating your own signature drinks",2011,"","books.google.com","https://books.google.com/books?hl=en&lr=&id=QPLsDQAAQBAJ&oi=fnd&pg=PT7&dq=wermouth+wine+martini&ots=BmpLR8aEm6&sig=Gc1Zi2KeDKoCqKIkDyalBK5QjKY","https://scholar.google.com/scholar?cites=2085261000223116520&as_sdt=2005&sciodt=0,5&hl=en",87,"2021-05-06 20:54:20","BOOK","","","",,,,,3,0.30,3,1,10,"… Aromatic ingredients such as aperitifs like vermouth and bitter liqueurs like amaro are included as a … Instead of Martini glasses, many hot spots are using coupes — four- to six-ounce shallow … You'll probably want Champagne flutes, stemware for red and white wine, pint glasses …"
3,"A Morata, C Vaquero, F Palomero, I Loira…","Technology of vermouth wines",2019,"Alcoholic …","Elsevier","https://www.sciencedirect.com/science/article/pii/B9780128152690000027","https://scholar.google.com/scholar?cites=1666650235248199215&as_sdt=2005&sciodt=0,5&hl=en",91,"2021-05-06 20:54:20","","","","",,,,,3,1.50,1,5,2,"… produces dry and sweet vermouths, and the last important company is The Wine Group (Livermore … As just mentioned, recently, some brands of vermouth from countries with less tradition in the … also appearing in the global market, such is the case of Quady Winery's “Vya” from …"
2,"GM Rodriguez-Muñiz, MA Miranda, ML Marin","A time-resolved study on the reactivity of alcoholic drinks with the hydroxyl radical",2019,"Molecules","mdpi.com","https://www.mdpi.com/1420-3049/24/2/234","https://scholar.google.com/scholar?cites=1405586107490545247&as_sdt=2005&sciodt=0,5&hl=en",8,"2021-05-06 20:54:20","","","","",,,,,2,1.00,1,3,2,"… The antioxidant activity of phenolic compounds contained in grapes and red wines has been confirmed based on the inhibition of lipid peroxidation experiments [21] … The first group contained red wine, white wine, white vermouth, marc and brandy (all derived from grapes …"
2,"C Charming","The Everything Bartender's Book: Your complete guide to cocktails, martinis, mixed drinks, and more!",2015,"","books.google.com","https://books.google.com/books?hl=en&lr=&id=tnbrDQAAQBAJ&oi=fnd&pg=PT10&dq=wermouth+wine+martini&ots=W66ggA76Po&sig=aHlMtPAf7rWnCBQdgPn5he4e77k","https://scholar.google.com/scholar?cites=7275958484492942615&as_sdt=2005&sciodt=0,5&hl=en",12,"2021-05-06 20:54:20","BOOK","","","",,,,,2,0.33,2,1,6,"… And since James Bond ordered a vodka martini in the film Dr. No in 1962, vodka and dry vermouth has become acceptable as well … Aperitifs with a wine base such as vermouth bleed over into the aperitif and cordial chapter …"
2,"L Iaia, F Monica, P Scorrano, M Amedeo…","Wine web value: web marketing strategies for family businesses",2016,"9th Annual Conference …","iris.unipa.it","https://iris.unipa.it/retrieve/handle/10447/223701/405869/euromed2016bof.pdf#page=1006","https://scholar.google.com/scholar?cites=7289367273656298359&as_sdt=2005&sciodt=0,5&hl=en",27,"2021-05-06 20:54:20","PDF","","","",,,,,2,0.40,0,5,5,"… establishes a relationship with the user, offering him the educational opportunity to expand his knowledge as wine enthusiasts, activities held at the winery to promote wine … (§ ) Wine division, which only includes:«Riccadonna»,«Cinzano»(vermouth and spumante …"
2,"N Bovis","Edible Cocktails: From Garden to Glass-Seasonal Cocktails with a Fresh Twist",2012,"","books.google.com","https://books.google.com/books?hl=en&lr=&id=aRjtDQAAQBAJ&oi=fnd&pg=PT15&dq=wermouth+wine+martini&ots=brb_PC-8d_&sig=AarfTI4ko_l4RjX5KOuNKkbroDY","https://scholar.google.com/scholar?cites=2355570131853504225&as_sdt=2005&sciodt=0,5&hl=en",33,"2021-05-06 20:54:20","BOOK","","","",,,,,2,0.22,2,1,9,"… MARTINI (COCKTAIL): V-shaped cocktail glass known as the martini glass; not only martinis are served … Chill the glassware when serving cold drinks such as white, sweet, or rosé wine. DECANTER: Usually used for expensive red wines that react well with a bit of oxygen before …"
2,"L Jacobson","Will It Be Wine or Cocktails? The Quest to Build a Mass Market for California Wine after Prohibition",2017,"Enterprise & Society","cambridge.org","https://www.cambridge.org/core/journals/enterprise-and-society/article/will-it-be-wine-or-cocktails-the-quest-to-build-a-mass-market-for-california-wine-after-prohibition/D5CDFB9D2449900D83625560A819AE2B","https://scholar.google.com/scholar?cites=8347520298545377409&as_sdt=2005&sciodt=0,5&hl=en",34,"2021-05-06 20:54:20","","","","",,,,,2,0.50,2,1,4,"… the Restaurant Crillon in New York City, observed, “Hard liquors show a better percentage than wines … steward can show.”32 Even if hotels and restaurants doubled wine's wholesale price, wine profits still … “A $2.50 bottle of gin and a few pennies' worth of vermouth,” the Atlantic …"
2,"D El Chami, M El Moujabber","Competitiveness of Lebanese wine: new shoots from ancient roots",2014,"Journal of wine research","Taylor & Francis","https://www.tandfonline.com/doi/abs/10.1080/09571264.2014.959658","https://scholar.google.com/scholar?cites=2256444253524909093&as_sdt=2005&sciodt=0,5&hl=en",49,"2021-05-06 20:54:20","","","","",,,,,2,0.29,1,2,7,"… This winery is a 100% eco-friendly winery and was hailed as one of Cable News Network (CNN's) 'Greenest … yearly basis for the comparator regions across agro-food products and wine products (including quality wine, wine of fresh grapes, sparkling wines and vermouth) …"
2,"J Perrine, S Reigler","More Kentucky Bourbon Cocktails",2016,"","books.google.com","https://books.google.com/books?hl=en&lr=&id=e5d2DAAAQBAJ&oi=fnd&pg=PP1&dq=wermouth+wine+martini&ots=_2cKrukSak&sig=Tmse_dskLwMNfrPDGGmYX9DzqbM","https://scholar.google.com/scholar?cites=13712301735428038304&as_sdt=2005&sciodt=0,5&hl=en",93,"2021-05-06 20:54:20","BOOK","","","",,,,,2,0.40,1,2,5,"… a fortified wine, so these recipes offer a little twist on the classic by using Kentucky wines in place of the vermouth. While you are probably aware that 95 percent of the world's bourbon is made in Kentucky, you may not know that the state was home to the first commercial winery …"
1,"PS Panesar, VK Joshi, V Bali, R Panesar","Technology for Production of Fortified and Sparkling Fruit Wines",2017,"… and Technology of Fruit Wine …","Elsevier","https://www.sciencedirect.com/science/article/pii/B9780128008508000090","https://scholar.google.com/scholar?cites=10021381475998625226&as_sdt=2005&sciodt=0,5&hl=en",10,"2021-05-06 20:54:20","","","","",,,,,1,0.25,0,4,4,"… These types of wines are quite popular in European countries and in the United States in spite of their commercial production in Russia and Poland (Griebel, 1955, Amerine et al., 1980) … The most essential feature of base wine for conversion into vermouth is that it …"
1,"T Sandham","World's Best Cocktails: 500 Signature Drinks from the World's Best Bars and Bartenders",2012,"","books.google.com","https://books.google.com/books?hl=en&lr=&id=bQQNAAAAQBAJ&oi=fnd&pg=PP2&dq=wermouth+wine+martini&ots=udg9Httsvu&sig=NttYF9pSAcrcyc7wiEcQ_I7eA2g","https://scholar.google.com/scholar?cites=7252093100506678759&as_sdt=2005&sciodt=0,5&hl=en",25,"2021-05-06 20:54:20","BOOK","","","",,,,,1,0.11,1,1,9,"… Bitters, and in 1786 the Italian distiller Antonio Benedetto Carpano invented the vermouth that proves … are legacies from these decades, but while 007 reminded us that the Martini was the … However, by the 1970s wine was gaining market share and cocktails were as popular as …"
1,"S Gorjanović, F Pastor, S Loupassaki…","Serbian aromatized wine “Bermet”: Electrochemical, chemiluminescent and spectrophotometric determination of antioxidant activity",2020,"Journal of the …","cherry.chem.bg.ac.rs","http://cherry.chem.bg.ac.rs/handle/123456789/4058","https://scholar.google.com/scholar?cites=11067767189030044294&as_sdt=2005&sciodt=0,5&hl=en",28,"2021-05-06 20:54:20","","","","",,,,,1,1.00,0,4,1,"… Bermet is prepared in a similar way to Vermouth, from white or red grapes, by maceration of herbs, fruits and … ANTIOXIDANT ACTIVITY OF “BERMET” WINE … assay using 9,10-diphenylanthracene as a fluorophore16 was used to assess H2O2 quenching activity of wines.17 On …"
1,"HC Andersen","Classics",2010,"","hammerandson.com","http://www.hammerandson.com/cocktailclassics/Prospect.pdf","https://scholar.google.com/scholar?cites=16215132454084347310&as_sdt=2005&sciodt=0,5&hl=en",48,"2021-05-06 20:54:20","PDF","","","",,,,,1,0.09,1,1,11,"… the woman in the aisle seat, row 12 upgrades the idea of a standard glass of wine to a Margarita … This predecessor of the Martini was invented in the early 1860's. Made with Italian vermouth which is red and sweet where the Martini is made with dry white vermouth from France …"
1,"PS Panesar, VK Joshi, V Bali, R Panesar","Technology for Production of Fortified and Sparkling Fruit Wines",2017,"… and Technology of Fruit Wine …","Elsevier","https://www.sciencedirect.com/science/article/pii/B9780128008508000090","https://scholar.google.com/scholar?cites=10021381475998625226&as_sdt=2005&sciodt=0,5&hl=en",58,"2021-05-06 20:54:20","","","","",,,,,1,0.25,0,4,4,"… These types of wines are quite popular in European countries and in the United States in spite of their commercial production in Russia and Poland (Griebel, 1955, Amerine et al., 1980) … The most essential feature of base wine for conversion into vermouth is that it …"
1,"G Gmel, KD Shield, J Rehm","Tools for estimating alcohol consumption",2013,"Alcohol: Science, Policy and Public …","books.google.com","https://books.google.com/books?hl=en&lr=&id=QXZoAgAAQBAJ&oi=fnd&pg=PA107&dq=wermouth+wine+martini&ots=76SpD9lWZA&sig=XQkLE-zjSzIodxC_TstmSbg6xDs","https://scholar.google.com/scholar?cites=357120834450276693&as_sdt=2005&sciodt=0,5&hl=en",104,"2021-05-06 20:54:20","","","","",,,,,1,0.13,0,3,8,"… data is considered to be as follows: beer (barley beer 5%), wine (grape wine 12%, must ofgrape 9%, vermouth 16%), spirits … a glass of white wine at noon, a glass of beer • in the evening, a glass of red wine (Kirsch, Whisky, Liqueur, etc.) Aperitife (Martini, Campari, Pastis …"
0,"C Parkhill","Vermouth",2011,"Lifted Brow, The","search.informit.com.au","https://search.informit.com.au/documentSummary;dn=791363477856227;res=IELLCC","",3,"2021-05-06 20:54:20","","","","",,,,,0,0.00,0,1,10,"… American domestic vermouth used to be similarly dire, but two idiosyncratic products— Quady Winery's Vya range and Sutton Cellars' Brown Label dry vermouth—are slowly changing that … The amount of alcohol and sugar in a vermouth (or any fortified wine) will determine …"
0,"A Ford","Vermouth: A Sprited Revival, with 40 Modern Cocktails",2015,"","books.google.com","https://books.google.com/books?hl=en&lr=&id=bwlYBQAAQBAJ&oi=fnd&pg=PT6&dq=vermouth+wine+martini&ots=BIiPPwpTa6&sig=tuJcBTfSQbFSzEe3KFRTrGk0Ua4","",5,"2021-05-06 20:54:20","BOOK","","","",,,,,0,0.00,0,1,6,"… If this is the case, the Egyptians were making an infused wine in 3150 BCE with as many different flavor components as Imbue Vermouth from Oregon … chemical analyses show, many of the plants that could account for the compounds found in these ancient wines were not …"
0,"BS Epstein","Strong, Sweet and Dry: A Guide to Vermouth, Port, Sherry, Madeira and Marsala",2019,"","books.google.com","https://books.google.com/books?hl=en&lr=&id=xB-_DwAAQBAJ&oi=fnd&pg=PT6&dq=vermouth+wine+martini&ots=0P6NTl0VuU&sig=en7WWLGXIhu1XeyMVcM79XHXCIY","",6,"2021-05-06 20:54:20","BOOK","","","",,,,,0,0.00,0,1,2,"… order to be classed as a vermouth, it must be composed of at least 75% of wine, have a … wines, the herbs, the spices and even the production methods … Roberto Bava of Cocchi vermouth has been researching Futurism and published a book about its history, including its cocktails …"
0,"JA Bevan","A Spirited Guide to Vermouth: An aromatic journey with botanical notes, classic cocktails and elegant recipes",2019,"","books.google.com","https://books.google.com/books?hl=en&lr=&id=rKdyDwAAQBAJ&oi=fnd&pg=PT15&dq=vermouth+wine+martini&ots=60hQPXOe6M&sig=5I7SXn69M7Aiqu1Y4e65qwxgK3w","",7,"2021-05-06 20:54:20","BOOK","","","",,,,,0,0.00,0,1,2,"… vermouth in one hand. So take my lead, pour yourself one, and have the bottle handy. According to the EU, vermouth is a fortified wine that falls into a category of products known as 'aromatised wines'. This category has three …"
0,"SM be Recognised","Current Developments–Asia",,"search.informit.com.au","","https://search.informit.com.au/fullText;dn=656002202722055;res=IELNZC","",9,"2021-05-06 20:54:20","","","","",,,,,0,0.00,0,1,,"… The applicant owns the Louis M. Martini winery, known for their Cabernet Sauvignon wines from the Sonoma and Napa Counties … Here, the Registered Mark was found to have acquired a distinctive character, but only in relation to vermouth and sparkling wine …"
0,"H MARTINI, BO COSMOPOLITAN, E MARTINI…","ON DRAFT",,"yaleclubnyc.org","","http://www.yaleclubnyc.org/files/Grill_menu_fall2015_Dinner_Weekend.pdf","",11,"2021-05-06 20:54:20","PDF","","","",,,,,0,0.00,0,4,,"… Amstel Light, Amsterdam, Netherlands 7 Allagash White Ale, Portland, ME 9 Badass Apple Cider, Warwick Valley, NY 8 Beck's Non-Alcoholic, Bremen, Germany 7 Ballast Point Sculpin IPA, San DIego, CA 9 Budweiser, St Louis, MO 6 Corona Extra, Mexico City, Mexico 7 Coors Light, Golden …"
0,"MF Matthews","The Manhattan Cocktail: A Modern Guide to the Whiskey Classic",2016,"The Southeastern Librarian","digitalcommons.kennesaw.edu","https://digitalcommons.kennesaw.edu/cgi/viewcontent.cgi?article=1620&context=seln","",13,"2021-05-06 20:54:20","PDF","","","",,,,,0,0.00,0,1,5,"… The Martini and the Manhattan are equally popular. The Martini contains gin and vermouth … Whiskeys used in Manhattan cocktails are rye whiskey, Irish whiskey, American whiskey, Scotch whiskey, and Bourbon whiskey. Vermouth is wine mixed with brandy …"
0,"B Rules","EAT",2013,"","static.urbandaddy.com","http://static.urbandaddy.com/uploads/assets/file/pdfs/f1e17f12dec22da632c4e66e11000234.pdf","",14,"2021-05-06 20:54:20","PDF","","","",,,,,0,0.00,0,1,8,"… VERMOUTHS, BITTER AND AROMATIZED WINES ITALY Martini Dry 10 Martini Rosso 10 Martini Rose 10 Cinzano Bianco 10 Cinzano Rosso 10 Averna Amaro … Cocchi Americano 12 Cocchi Rosa 12 Cocchi di Torino 12 Cocchi Braolo Chinato 16 Contratto Vermouth Bianco 14 …"
0,"MA Amerine, VL Singleton","SPECIALTY WINERY PRODUCTS",2020,"Wine","degruyter.com","https://www.degruyter.com/document/doi/10.1525/9780520312654-013/html","",15,"2021-05-06 20:54:20","","","","",,,,,0,0.00,0,2,1,"… In addition to the traditional vermouth types, there are many proprietary flavored wines … There are many others, both native and imported (eg, mint-flavored wine, coffee-flavored wine, etc.), but most of them are not widely distributed in this country … Specialty Winery Products …"
0,"B Di Matteo, E Kon","Editorial Commentary: Platelet-Rich Martini or Vodka Hyaluronate? The Dilemma of Drink Selection for the Modern Orthopaedic Surgeon",2021,"","Elsevier","https://www.sciencedirect.com/science/article/pii/S0749806320309427","",16,"2021-05-06 20:54:20","","","","",,,,,0,0.00,0,2,1,"… Editorial Commentary. Editorial Commentary: Platelet-Rich Martini or Vodka Hyaluronate … PRP, 7 which, due to its shades, could resemble a nice vermouth. 2 … 3. Bone marrow concentrate (BMC), 8 whose dark red shade reminds that of a strong red wine (and please do not …"
0,"S DAY","All DAy• EvEry DAy",2012,"","soundbitesgrill.com","http://soundbitesgrill.com/wp-content/uploads/2013/07/10-24-2013-Tri-Tent-All-Day-Every-Day-Drinks.docx","",17,"2021-05-06 20:54:20","","","","",,,,,0,0.00,0,1,9,"… Devotion Blood Orange Vodka, Triple Sec, Lime Juice, Sierra Mist and OJ. Apple Bite Martini. Bourbon, Sour Apple Pucker and Cranberry Juice … Orange Juice splash. Daily Wine by the Glass $6. Draft Beer of the Month $4 … Manhattan. Bourbon & Sweet Vermouth. Stinger …"
0,"C Casey","THE ZERO-MARTINI LUNCH",2013,"Landscape Architecture Magazine","JSTOR","","",18,"2021-05-06 20:54:20","CITATION","","","",,,,,0,0.00,0,1,8,""
0,"JB Gatewood","Active Cognition in Bartending",,"lehigh.edu","","https://www.lehigh.edu/~jbg1/ActiveCognitionBartending2019.pdf","",19,"2021-05-06 20:54:20","PDF","","","",,,,,0,0.00,0,1,,"… rob roy = scotch sweet vermouth orange/cherry Similarly, a daiquiri, whiskey sour, Tom Collins, and bacardi cocktail are all variants of the basic “sour” recipe: 1 oz … martini and gibson in stemmed cocktail glasses (up), highballs in highball glasses, red wine in globular …"
0,"M COYLE","THEY MADE ME FEEL CIVILIZED",2020,"The Shaken and the Stirred: The Year's Work in …","books.google.com","https://books.google.com/books?hl=en&lr=&id=o-r2DwAAQBAJ&oi=fnd&pg=PT88&dq=wermouth+wine+martini&ots=iGS36EbK9p&sig=A5PbX7QwwoTdWcRusaYbFSjFbGE","",22,"2021-05-06 20:54:20","","","","",,,,,0,0.00,0,1,1,"… That is, fortified wine (vermouth) was always associated with cultural elites; the mixing of fortified wine and grain … As I've already noted, the martini's ratio of vermouth to gin has changed dramatically over the past 150 years, but what matters isn't the quantity of vermouth …"
0,"BE MERRY","DRINK &",,"","","","",23,"2021-05-06 20:54:20","CITATION","","","",,,,,0,0.00,0,1,,""
0,"S Samorodova, L Yurchuk","Delicious Italy Wine",2016,"","dspace.nuft.edu.ua","http://dspace.nuft.edu.ua/bitstream/123456789/23214/1/2.%20Delicious_Italy_Wine.pdf","",24,"2021-05-06 20:54:20","","","","",,,,,0,0.00,0,2,5,"… of sparkling wines. They are called “Spumante”. The best Italian wine produced in Tuscany.The most famous alcoholic drink from red wine Chianti. The most delicious Chianti is produced in the Chianti region. In Italy are very popular vermouth such as “Martini” and “Cinzano” …"
0,"A McDowell","Drinks: A User's Guide",2016,"","Penguin","","",29,"2021-05-06 20:54:20","CITATION","","","",,,,,0,0.00,0,1,5,""
0,"NN Sazhina, AE Ordyan, VM Misin","Antioxidant properties of various alcohol drinks",2014,"Food Composition and …","books.google.com","https://books.google.com/books?hl=en&lr=&id=N9w8DgAAQBAJ&oi=fnd&pg=PA251&dq=wermouth+wine+martini&ots=HmnoW-9Vra&sig=AIHtQG5WfMj3gjNUqsALXixYT-M","",30,"2021-05-06 20:54:20","","","","",,,,,0,0.00,0,3,7,"… Parteniyskaya Do- lina, Crimea Magarach, Crimea Krymskoe Sham- panskoe Sevastopol Winery, Crimea Sevastopol Winery, Crimea Artemevkoe … red (coupage) Cognac, 2001 Cognac, 1998 Cognac, 1995 Ordinary cognac, 2005 Port wine, 2008 Vermouth white, 2009 …"
0,"R Small","Philosophy & Cocktails",2016,"Philosophy Now","pdcnet.org","https://www.pdcnet.org/philnow/content/philnow_2016_0113_0028_0030","",31,"2021-05-06 20:54:20","","","","",,,,,0,0.00,0,1,5,"… But this is mislead- ing, because you are not drinking vermouth – only using it to modify the … In con- trast, wines vary even when they come from the same place at different … A wine depends on grapes being planted, grown and fermented – all complex and unpredictable processes …"
0,"T Yakhno, A Pakhomov, A Sanin, V Kazakov…","Small universal E-taster for rapid comparative analysis of liquids",2020,"arXiv preprint arXiv …","arxiv.org","https://arxiv.org/abs/2006.15565","",35,"2021-05-06 20:54:20","","","","",,,,,0,0.00,0,5,1,"… We had a successful collaboration with a winery on parallel assessment of the quality of wines [36] … 8). Page 9. 9 Fig. 8. Software interface. On the left are the hodographs of electrical impedance: 1 - port wine “777” (Russia) and 2 - vermouth “Martini Bianko” (Italy) …"
0,"T Siebert","Wine grapes: Overview of cultivars and products",2018,"FarmBiz","journals.co.za","https://journals.co.za/doi/abs/10.10520/EJC-ff09f310b","",36,"2021-05-06 20:54:20","","","","",,,,,0,0.00,0,1,3,"… The characteristics of investment wines include: • It is proven to hold well over time. • The period from maturity and approachability (the drinking-window plateau) extends over many years … Vermouth: Vermouth is a fortified and aromatised style of wine flavoured with …"
0,"J Goldstein","10. Merging the Worlds of Wine and Food",2013,"Inside the California Food Revolution","degruyter.com","https://www.degruyter.com/document/doi/10.1525/9780520956704-012/html","",37,"2021-05-06 20:54:20","","","","",,,,,0,0.00,0,1,8,"… They also made a champagne, port, sherry, and vermouth, and some of them made madeira … Page 10. MERGING THE WORLDS OF WINE AND FOOD | 271 … “Our first house wines were high-quality bulk wines from the D'Agostini Winery in Amador, and they were very good …"
0,"T Siebert","Agro-processing of fermented beverages: from the vine",2017,"FarmBiz","journals.co.za","https://journals.co.za/doi/abs/10.10520/EJC-79d84d70c","",38,"2021-05-06 20:54:20","","","","",,,,,0,0.00,0,1,4,"… In the production of sherry, wines from different years are aged and then blended using the solera system before the sherry is bottled … Vermouth Vermouth is a fortified and aromatised style of wine which is flavoured with roots, barks, flowers, seeds, herbs and spices …"
0,"C Enoteca","Campo Enoteca",2014,"","Electronic version published by …","","",39,"2021-05-06 20:54:20","CITATION","","","",,,,,0,0.00,0,1,7,""
0,"BR Schrand","Through the Glass Clearly",2016,"The Missouri Review","muse.jhu.edu","https://muse.jhu.edu/article/644302/summary","",40,"2021-05-06 20:54:20","","","","",,,,,0,0.00,0,1,5,"… The classic Martini glass,” Barnaby Conrad reminds us, “is stemmed, about six inches high, not curved like a wine glass, but … With two ounces of London Dry gin, and a ratio of 4 to 1 of Vermouth, the cocktail—once properly mixed with ice—will be the perfect and desired …"
0,"T Yakhno, A Pakhomov, A Sanin, V Kazakov…","Drop Drying on the Sensor: One More Way for Comparative Analysis of Liquid Media",2020,"Sensors","mdpi.com","https://www.mdpi.com/1424-8220/20/18/5266","",41,"2021-05-06 20:54:20","","","","",,,,,0,0.00,0,5,1,"… data sets of drying drops images were prepared, one with consumable fluids (beers, juices, liquors, milk, red wines, and carbonated … assessing the degree of endogenous intoxication in patients with burn disease [26], in veterinary diagnostics [27], in wine recognition, including …"
0,"M Suzuki","SPAIN IN AMERICAN LITERATURE",2020,"","suac.ac.jp","https://www.suac.ac.jp/sp/news/topics/2020/02253/file/20268/bulgaria%20conference%202020.pdf","",42,"2021-05-06 20:54:20","PDF","","","",,,,,0,0.00,0,1,1,"… 2020/8/24 Motoko Suzuki Page 18. Many drinks in The Sun Also Rises: Chablis, a Château Margaux, wine, aguardiente, vermouth, Sherry, absinthe, Fundador, amontillado brandy, beer, Martinis, and rioja alta 2020/8/24 Motoko Suzuki Page 19. Quest for a Hidden Treasure …"
0,"W Wines, RED WINES","Handcrafted Cocktails",2016,"sage","vrconcierge.com","https://vrconcierge.com/wp-content/uploads/2018/11/pacific-catch-walnut-creek-lunch-and-dinner-menu.pdf","",44,"2021-05-06 20:54:20","PDF","","","",,,,,0,0.00,0,2,5,"… 49 ROSÉ WINES … Curacao, tiki bitters, charred pineapple, orange slice, on a rock “Manhattan” of the West 14 High West double rye, Carpano Antica vermouth, Domaine de Canton ginger liqueur, orange bitters, candied ginger, orange peel, served up Saint G “Martini” 14 St …"
0,"W Dailey","Cocktail theology",2016,"First Things","search.proquest.com","https://search.proquest.com/openview/a1feed561d1045be69998d45931ab20e/1?pq-origsite=gscholar&cbl=45949","",45,"2021-05-06 20:54:20","","","","",,,,,0,0.00,0,1,5,"… say, “Try it, you'll like it.” If you are able to locate a delicious dry vermouth like Dolin … When it comes to whis- keys and of course wines, the keener one's appreciation of the genre, the greater … By contrast, I would not like- ly dine at a restaurant that featured the box of wine that has …"
0,"SOF SPAIN, G Veltliner, P Noir, P Grigio, S Blanc…","Wine!",,"hotelpigalle.se","","https://www.hotelpigalle.se/wp-content/uploads/2020/01/atelier_menu_SWE.pdf","",46,"2021-05-06 20:54:20","","","","",,,,,0,0.00,0,6,,"… 130 525 Wine! ERIKAS & EMMAS VINTERKOLLEKTION Chief Sommelier Erika & Restaurant Manager Emma har plockat ihop en postmodern … California Block Nine Pinot Noir 2018 595 Adelaide Hills Paracombe Wines ”Dolomites” 2017 1195 … 185 1095 Vermouth & Tonic 115 …"
0,"T Pinney","9. Frank Schoonmaker: A Master Teacher",2012,"The Makers of American Wine","degruyter.com","https://www.degruyter.com/document/doi/10.1525/9780520952225-012/html","",47,"2021-05-06 20:54:20","","","","",,,,,0,0.00,0,1,9,"… 1934, a total of eight articles that covered Champagne, Burgundy, Bordeaux, Cognac, the Rhine and Moselle, Vermouth, and the wines … When Schoonmaker had arrived at Ray's winery on that fateful April day, he bore with him the galley proofs of American Wine, which then …"
0,"B Holland","the most macho of readers blush. It's no surprise to learn, then, that Arnold is also a stand-up comedian who even sold a joke to Jay Leno. Allan Scott was only too …",,"search.proquest.com","","https://search.proquest.com/openview/b45a6d33b3c7b77ebb82da9a1e269485/1?pq-origsite=gscholar&cbl=27080","",50,"2021-05-06 20:54:20","","","","",,,,,0,0.00,0,1,,"… They've learned that the fountain of youth / Is a mixture of gin and vermouth” (p.85 … while others offer a bit more: homemade pear, plum, persimmon, peach, blackberry, and elderberry wines—complete with … Don't forget to strain the wine through a clean white sheet, and do a lot …"
0,"N Rothbaum","The Joy of Drinking Barbara Holland",,"search.proquest.com","","https://search.proquest.com/openview/aabbc51b52d896dccb93ce1dfb1bbc38/1?pq-origsite=gscholar&cbl=27080","",51,"2021-05-06 20:54:20","","","","",,,,,0,0.00,0,1,,"… The atmosphere at the winery was far from dry or snooty … Realizing the error of his ways, he ran again, this time investing in 144 gal- lons of rum, wine, hard cider … Village Follies of 1924) as writing, “They've learned that the fountain of youth / Is a mixture of gin and vermouth” (p.85 …"
0,"MI Choate","Italian Migration Funding Global Ties",2017,"The Routledge History of Italian Americans","books.google.com","https://books.google.com/books?hl=en&lr=&id=inM3DwAAQBAJ&oi=fnd&pg=PT463&dq=wermouth+wine+martini&ots=5b3oFtMcSX&sig=MouTq-yRYW-KFuO9HxjyfQlKPKE","",53,"2021-05-06 20:54:20","","","","",,,,,0,0.00,0,1,4,"… Bars sold “martinis” without a drop of Martini vermouth. Oil wholesalers sold “pure olive oil” that was a third, a half or two-thirds cottonseed oil; wine sellers refilled the distinctive Chianti wine flasks with bad American wines and sold them as Italian …"
0,"T Vos","The Botanist and the Vintner: How Wine Was Saved for the World Christy Campbell",,"online.ucpress.edu","","https://online.ucpress.edu/gastronomica/article-abstract/6/3/107/47260","",54,"2021-05-06 20:54:20","CITATION","","","",,,,,0,0.00,0,1,,"… graft their vinifera vines onto American rootstock safe from phyl- loxera and continue once again putting out tasty wines … Tara Q. Thomas, Wine & Spirits … in everything from the Aztec hallu- cinogen known as ololiuhqui to the measured concoction of gin and vermouth known as …"
0,"C West","Crossroads West",2012,"","dspace.lib.hawaii.edu","http://dspace.lib.hawaii.edu/bitstream/10790/961/rtmkccb2f3i22_web.pdf","",55,"2021-05-06 20:54:20","","","","",,,,,0,0.00,0,1,9,"… au Beurre 1.50 Piping-Hot Miniature Lobsters from Iceland Broiled in Dry Vermouth CRABMEAT DANTE … Coffee or Tea .25 Milk .25 WITH YOUR DINNER CROSSROADS WEST WINE Proudly, We Offer an Individual Decanter of Our Specially Selected Wines, Your Choice of …"
0,"S Sippel","Recommendations for cocktail recipes",2014,"","researchgate.net","https://www.researchgate.net/profile/Sigurd_Sippel/publication/266142671_Recommendations_for_cocktail_recipes/links/5427431a0cf2e4ce940a2e71/Recommendations-for-cocktail-recipes.pdf","",57,"2021-05-06 20:54:20","PDF","","","",,,,,0,0.00,0,1,7,"… The result is: Manhattan Cocktail 1 dash gum syrup 1 dash bitters orange bitters 1 dash curacao 1/2 wine glass whiskey 1/2 wine glass sweet vermouth MANHATTAN COCKTAIL, SWEET 1/2 oz Martini Sweet Vermouth 1/2 oz Rye Maraschino cherry dash Angostura …"
0,"G Girls","Gastronomic Girls",2014,"","arrow.tudublin.ie","https://arrow.tudublin.ie/foodblir/39/","",59,"2021-05-06 20:54:20","","","","",,,,,0,0.00,0,1,7,"… Verbena Mint Mojito Old-fashioned Sparkling Wine Tequila Whiskey Wine Tasting cocktails mid … Champagne Chemistry Cordial Easter Free Range Hangover Cure Indian Martini Negroni Non- Alcoholic Pichet Prosecco Segway Snug Takeaway Tonic Vermouth quail's eggs …"
0,"MC Laurent","Paolo Arosio Ecole Hoteliere de Lausanne Arts de la table Mr. Cristophe Laurent",,"","","","",61,"2021-05-06 20:54:20","CITATION","","","",,,,,0,0.00,0,1,,""
0,"D Broom","Gin The Manual",2015,"","books.google.com","https://books.google.com/books?hl=en&lr=&id=H7knCgAAQBAJ&oi=fnd&pg=PT5&dq=wermouth+wine+martini&ots=CQ_IziL7wB&sig=8SoWfNvd5w_5JW-2SpfVNGJq4hk","",62,"2021-05-06 20:54:20","BOOK","","","",,,,,0,0.00,0,1,6,"… Years on, I had my first Martini … more refined spirit to appeal to the brandy-deprived merchant class, Dutch distillers began to aromatize their malt wine, primarily with … The 1698 reprint of its recipe book The Distiller of London (see panel) instructed “that all wines, low wines, lees …"
0,"D Broom","Gin: How to Drink it",2020,"","books.google.com","https://books.google.com/books?hl=en&lr=&id=IbPdDwAAQBAJ&oi=fnd&pg=PT6&dq=wermouth+wine+martini&ots=--j8RpUBra&sig=8LxyjEejpgc1dCPQvPDlOoLQExk","",63,"2021-05-06 20:54:20","BOOK","","","",,,,,0,0.00,0,1,1,"… Years on, I had my first Martini … All of the healing waters up until this point had been wine-based, but a succession of poor harvests and cold weather prompted distillers to turn to what was around … “It wouldn't have made sense for distillers to keep using imported wines when they …"
0,"C Tichi","Introduction “A Gilded Cocktail”",2021,"Gilded Age Cocktails","degruyter.com","https://www.degruyter.com/document/doi/10.18574/9781479805266-001/html","",64,"2021-05-06 20:54:20","","","","",,,,,0,0.00,0,1,1,"… copper mining regions of Montana, which called for port wine, brandy, and French vermouth … to request Appolinaris, the “Queen of Table Waters” (named for the patron saint of wine!) … Newspapers that advertised new inventories of liquors, wines, and ale also provided outlets for …"
0,"D Pepsi, G Ale, S Mist, I Tea, S Tea, H Tea","Soft Drinks",2019,"Sage","applebyinn.co.uk","https://www.applebyinn.co.uk/wp-content/uploads/2018/04/Appleby-Inn-Drinks-Menu.pdf","",65,"2021-05-06 20:54:20","PDF","","","",,,,,0,0.00,0,6,2,"… Jack Rabbit Merlot : % ABV 13.5 USA £3.90 £5.20 £14.95 This Merlot is smooth and fruity and full of berry flavours. Ideal if you like your red wines mellow … Page 4. Port, Vermouth & Sherry 50ml Martini Extra Dry … 1. : 17.5% ABV 90 Stone's Green Ginger Wine £1. : 13.5% ABV 90 …"
0,"J Smolens","One One Thousand",2015,"Southern Review","muse.jhu.edu","https://muse.jhu.edu/article/565941/summary","",66,"2021-05-06 20:54:20","","","","",,,,,0,0.00,0,1,6,"… “Forget the wine,” he said. “Right … Closing her eyes, she swallowed the clean, icy concoction of vodka augmented by a hint of vermouth … “True. We'd turn it into legend—Mom died while we were on our second martini.” She leaned back until her skull rested against the wall …"
0,"G Emilio","Drinking to the Wolf in a Time of Pandemic (or War or Peace)",2021,"Gastronomica: The Journal for Food Studies","online.ucpress.edu","https://online.ucpress.edu/gastronomica/article-abstract/21/1/106/116216","",68,"2021-05-06 20:54:20","","","","",,,,,0,0.00,0,1,1,"… After bashing dry martinis, and before offering a dependable recipe for making your own vodka, Fisher advocates for vermouth, sherry, and fortified wines as low-ABV alternatives to slugging whiskey or thinning gin in the afternoon …"
0,"PO Kuznetsova","Alcohol mortality in Russia: assessment with representative survey data",2020,"Population and Economics","populationandeconomics.pensoft …","https://populationandeconomics.pensoft.net/article/51653/download/pdf/","",70,"2021-05-06 20:54:20","PDF","","","",,,,,0,0.00,0,1,1,"… Page 11. Population and Economics 4(3): 75–95 85 • fortified wine, including industrial production (martini, vermouth) — 18% alcohol on average; • alcoholic cocktails — 7% alcohol on average; • strong alcoholic beverages including vodka, whisky, cognac, hooch — 40 …"
0,"C Carr, B Schwittay","GLOBAL WINNERS, OLIGOPOLISTIC MOVES AND OUTCOMES IN SPIRITS SECTOR 1939–2019",,"api.taylorfrancis.com","","https://api.taylorfrancis.com/content/chapters/edit/download?identifierName=doi&identifierValue=10.4324/9780429316050-5&type=chapterpdf","",71,"2021-05-06 20:54:20","","","","",,,,,0,0.00,0,2,,"… Beam Global was renamed in 2007, as they divested wine activities and refocused as a 'spirits pure-play' company … In 2014, it acquired Martini for $4.6 billion, forming Bacardi-Martini, further extending top-end brands to Martini's vermouth and sparkling wines …"
0,"P Fehribach","The Bar",2015,"The Big Jones Cookbook","degruyter.com","https://www.degruyter.com/document/doi/10.7208/9780226205861-009/html","",73,"2021-05-06 20:54:20","","","","",,,,,0,0.00,0,1,6,"… of Germany, red wines of the Rhône, Piedmont, and Dundee Hills, the fortified wines of Madeira … one hundred American whiskeys on offer, and modest but smart selections of beer and wine … James Bond perhaps did the most damage when he requested his martini “shaken, not …"
0,"J Lord","'Condensed'cocktails: A brief history",2016,"Spirit of Progress","search.informit.org","https://search.informit.org/doi/abs/10.3316/INFORMIT.307790810249668","",74,"2021-05-06 20:54:20","","","","",,,,,0,0.00,0,1,5,"… Emperor Lucius Aurelius, in Roman times, was prescribed a mixed wine-based drink by his physician, while the … is a very potent drink being made with a mixture of whiskey, sweet vermouth and bitters and … In fact, the Martini has become more of a class of drinks than one drink in …"
0,"BFCS TK'S","WHAT WE STAND FOR",,"hospitality.usc.edu","","http://hospitality.usc.edu/wp-content/uploads/2015/07/Edmondson-WINTER-2015-1.12.2015.pdf","",75,"2021-05-06 20:54:20","","","","",,,,,0,0.00,0,1,,"… OLD FASHIONED CHOCOLATE MOUSSE CAKE $5.99 softly whipped cream & raspberry sauce FEATURED WINES Sparkling NV La Marca Prosecco $8/28 … Sweet Science $10 vodka, dry vermouth,fresh lemon juice, simple syrup, red wine float …"
0,"V Moore","How to Drink",2010,"","Andrews McMeel Publishing","","",76,"2021-05-06 20:54:20","CITATION","","","",,,,,0,0.00,0,1,11,""
0,"S Lee","CORE Tools and Patient Information: Liquid Calories Add Up!",2010,"Obesity and Weight Management","liebertpub.com","https://www.liebertpub.com/doi/pdf/10.1089/obe.2010.0209","",77,"2021-05-06 20:54:20","","","","",,,,,0,0.00,0,1,11,"… 2 ¼ oz 140 135 Apple Martini (1.5 oz vodka, 1.5 oz DeKuyper Sour Apple Pucker Schnapps, 1.5 oz apple juice) 5 oz 235 150 Manhattan (3/4 oz sweet vermouth, 2.5 oz bourbon whiskey, 1 dash Angostura bitters, 1 maraschino cherry) … 4.1 oz 100 85 Port Wine (20% alcohol) …"
0,"D Serpico, MC Amoretti, M Frixione","The Spirit of Cocktails: On the Conceptual Structure of Cocktail Recipes",2020,"HUMANA. MENTE Journal …","humanamente.eu","http://www.humanamente.eu/index.php/HM/article/view/325","",78,"2021-05-06 20:54:20","","","","",,,,,0,0.00,0,3,1,"… would be acceptable, many experts would probably not accept a Negroni with dry vermouth as an … 20 For an application of conceptual spaces to wines, see Amoretti & Frixione (2020 … of tannins (the value of this dimension would be positive for cocktails prepared with wine, tea, or …"
0,"RA CLINCIU-RADU, V ONOFREI, G Teliban…","Research on the flavored drinks have become biological medicinal and aromatic plants.",2016,"Research Journal of …","rjas.ro","https://rjas.ro/download/paper_version.paper_file.9ef4d84869d546d0.436c696e6369755f526f78616e612e706466.pdf","",80,"2021-05-06 20:54:20","PDF","","","",,,,,0,0.00,0,4,5,"… Italy is considered the homeland of wine vermouth wormwood containing more than 4%. Since XVIII century in … aroma of flowers and alpine herbs [7]. Currently in Italy all produce wines flavored alcoholic … Turin flavored wine is a sweet wine typical classic flavor and original taste …"
0,"S Sunarintyas, Y Cheah…","Mechanical properties of fiber-reinforced composite resin exposed to alcoholic beverage",2020,"BIO Web of Conferences","search.proquest.com","https://search.proquest.com/openview/b034999630fc38b34193921e466596e3/1?pq-origsite=gscholar&cbl=2040557","",81,"2021-05-06 20:54:20","","","","",,,,,0,0.00,0,3,1,"… Vermouth Martini, Italy Alcohol 15 … It was found that wine (9 volume percentage alcohol) had greater composite resin wear effect compared to … Alcoholic beverage (% of alcohol) Flexural strength (MPa) Hardness (KHN) Aquades (0 %, control) Beer (4.5 %) Vermouth (15 %) Rum …"
0,"HOFF WINES","happy hour",2017,"","cdn.oliverbonacininetwork.com","https://cdn.oliverbonacininetwork.com/uploads/sites/27/2016/07/the-guild-full-beverage-menu.pdf","",84,"2021-05-06 20:54:20","PDF","","","",,,,,0,0.00,0,1,4,"… Burnt Cherry Manhattan (2.75oz) 25 Woodford Double Oaked bourbon, Luxardo Cherry Sangue Morlacco, vermouth, fancy cherry Mango Sour (1.5oz) … 8 Page 4. WINES BY THE GLASS Sparkling … Epernay 170 Sparkling Wine Canada Brut, Hillebrand Trius NV Niagara, ON 69 …"
0,"АА Гущина, ИВ Асфондьярова","АНАЛИЗ СТРУКТУРЫ АССОРТИМЕНТА АЛКОГОЛЬНОЙ ПРОДУКЦИИ И ОЦЕНКА КАЧЕСТВА ВЕРМУТОВ РАЗНЫХ ПРОИЗВОДИТЕЛЕЙ",2020,"… ИССЛЕДОВАНИЯ В ОБЛАСТИ …","imet.spbstu.ru","https://imet.spbstu.ru/userfiles/files/pdf/3-chast_obedinennaya.pdf#page=368","",88,"2021-05-06 20:54:20","PDF","","","",,,,,0,0.00,0,2,1,"… Keywords: aromatized wines, vermouth, assortment, organoleptic and physico-chemical quality indicators … В магазине представлены такие бренды вермут, как Martini, Cinzano, Gancia, Padro&Co, а также единственный отечественный производитель–Санто-Стефано …"
0,"T Coxen, L Graham","Cheers to Michigan: A Celebration of Cocktail Culture and Craft Distillers",2019,"","books.google.com","https://books.google.com/books?hl=en&lr=&id=dQucDwAAQBAJ&oi=fnd&pg=PR11&dq=wermouth+wine+martini&ots=83IzM9E7xV&sig=RwOQbuu1q0QywtRH8c43f9ZUE1U","",89,"2021-05-06 20:54:20","BOOK","","","",,,,,0,0.00,0,2,2,"… of whiskey, six gallons of wine, and one quart each of martini cocktails and vermouth were confiscated … The Prohibition of alcohol in the United States had an effect on beers, wines, and spirits … Some wineries in New York and California sur- vived by producing sacramental wine …"
0,"BR Page","8. Gender Assignment Of Latin Loanwords In Early Germanic: A Case Study Of Latin Vinum",2010,"Studies in Classical Linguistics in Honor of Philip Baldi","brill.com","https://brill.com/downloadpdf/book/edcoll/9789004189805/Bej.9789004188662.i-168_009.pdf","",90,"2021-05-06 20:54:20","","","","",,,,,0,0.00,0,1,11,"… Met, is another indication of the strong semantic association between wine and mead … Most of these are loans: Wodka (masc.), Martini (masc.), Chianti (masc.), Brandy (masc … masc.), Tequila (masc.), Gin (masc.), Claret (masc.), Rum (masc.), Wermut 'vermouth (masc.)', Brandy …"
0,"C Tichi","3 To-Go Cup",2021,"Gilded Age Cocktails","degruyter.com","https://www.degruyter.com/document/doi/10.18574/9781479805266-004/html","",92,"2021-05-06 20:54:20","","","","",,,,,0,0.00,0,1,1,"… The Scythia, Sala noted, also stocked “her wines, her spirits, her beer, and her aerated … The wine list dazzled, with beverages ranging from Dog's Head Bass Ale to amontillado … Ingredients 2 ounces gin (chilled) ½ ounce Italian vermouth ½ ounce French vermouth Directions 1 …"
0,"K Plunkett-Hogge","Aperitivo: Drinks and snacks for the Dolce Vita",2017,"","books.google.com","https://books.google.com/books?hl=en&lr=&id=ZssEDgAAQBAJ&oi=fnd&pg=PT9&dq=wermouth+wine+martini&ots=wJfbwCO0yu&sig=QiiLwvnvL7s1OwhQG_ORpT3tNEc","",94,"2021-05-06 20:54:20","BOOK","","","",,,,,0,0.00,0,1,4,"… RISERVA CARLO ALBERTO VERMOUTH EXTRA DRY A dry and light vermouth, perfect for a dry Martini, or … With something in the region of nearly 400 different grape varieties used to make wine in twenty different regions, which include 73 DOCG wines, 329 DOC wines …"
0,"P Northing, S Hutton","PROJECT NO: V5VA 1040",,"cibr.es","","http://www.cibr.es/ka/apps/cibr/docs/29_09_2010_FERA_Steviol_glycosides_report_September_2010_FERA.pdf","",95,"2021-05-06 20:54:20","PDF","","","",,,,,0,0.00,0,2,,"… Sugar & sugar substitutes (dry) Shellfish Sugar spreads (jams / honey) Solid fats/oils/spreads Spirits/liquors (full strength) Water Wet liquid tea/coffees Wines Page 5. Final Report: 29 th September 2010 5 4. Maximum Level data …"
0,"C Tichi","5 Spirited Cities",2021,"Gilded Age Cocktails","degruyter.com","https://www.degruyter.com/document/doi/10.18574/9781479805266-006/html","",97,"2021-05-06 20:54:20","","","","",,,,,0,0.00,0,1,1,"… supposed to be secret.” Alice Roosevelt made no secret of her preference for wines over spirits … Alice may have sipped “a glass of sherry, or madeira, of white wine or claret … or absinthe Few dashes Peychaud's bitters Few dashes Angostura bitters 1 dash Italian vermouth Ice chips …"
0,"T Smith","One for My Baby: A Sinatra Cocktail Companion",2016,"","Peter Owen Publishers","","",98,"2021-05-06 20:54:20","CITATION","","","",,,,,0,0.00,0,1,5,""
0,"A Hisano, NG Chapman","Τhe 'wine revolution'in the United States, 1960–1980: Narratives and category creation",2020,"Business History","Taylor & Francis","https://www.tandfonline.com/doi/abs/10.1080/00076791.2020.1862794","",99,"2021-05-06 20:54:20","","","","",,,,,0,0.00,0,2,1,"… and the 1950s, but its new strategy forever changed the American wine industry. 71 Τhe new distribution system allowed the winery to market its branded wines to retailers effectively, and capture the dessert wine market. 72 …"
0,"K Hearn, J Murray","Bar and Alcoholic Beverage Service",,"Springer","","https://link.springer.com/content/pdf/10.1007/978-1-349-10170-2.pdf","",100,"2021-05-06 20:54:20","","","","",,,,,0,0.00,0,2,,"… More about-the different products sold in bars and how they are made, including beer, wine, fortified wines, spirits, liqueurs and soft drinks … Many rc taurants are licensed to sdl wines and spirit~. :.1nd the luxury end of the market offers an extensive wine list …"
0,"M LeMon","The Imbible: A Cocktail Guide for Beginning and Home Bartenders",2017,"","books.google.com","https://books.google.com/books?hl=en&lr=&id=tbM_DwAAQBAJ&oi=fnd&pg=PT7&dq=wermouth+wine+martini&ots=-9rhcNR5mj&sig=N5vLz-6x9coLcTOMK4on6GYUSD0","",101,"2021-05-06 20:54:20","BOOK","","","",,,,,0,0.00,0,1,4,"… What the hell is vermouth … Distillers distill wines (fruit ferments) and beers (grain ferments) to get the “spirit” of the original ferment. In a vat of fermented grape juice (wine), there are a host of other molecules (esters, aldehydes, methanol, acetone, fusel oils, acetaldehyde) in …"
0,"S MARTIN","5steps to",2020,"","martinsbarandrestaurant.co.uk","https://www.martinsbarandrestaurant.co.uk/wp-content/uploads/2019/07/Martins-Bar-Main-Menu.pdf","",102,"2021-05-06 20:54:20","PDF","","","",,,,,0,0.00,0,1,1,"… 13 - Black Cow 14 - Dorset Tea 15 - SCT Ltd 16 - Catch of the Day 17 - Ford Farm Cheese 18 - Lyme Bay Winery 19 - Otter … Weymouth … LYME BAY SPAGHETTI A delicious mix of locally-sourced smoked and fresh Fish with Prawns in a creamy White Wine Sauce, served with …"
0,"S KASSEBAUM","CONFESSIONS OF A COCKTAIL NERD",2020,"The Shaken and the Stirred: The Year's Work in …","books.google.com","https://books.google.com/books?hl=en&lr=&id=o-r2DwAAQBAJ&oi=fnd&pg=PT346&dq=wermouth+wine+martini&ots=iGS36EbKcs&sig=luzId_RyrteXoE9nL4jNJ3Plsjc","",103,"2021-05-06 20:54:20","","","","",,,,,0,0.00,0,1,1,"… Don't get me wrong, I like beer and wine, but I love spirits—always have … in all of Chicago and the surrounding area where you could order a manhattan, a martini, or a … Composed of rye whiskey, cognac, sweet vermouth, Benedictine, and bitters, it's an herbal, boozy mix of flavors …"
0,"S Blanc, P Noir, I VARIETALS, S VARIETALS, D WINES","Cocktails",,"peninsulagrill.com","","https://www.peninsulagrill.com/warehouse/fm/documents/menu/wine7.6.pdf","",105,"2021-05-06 20:54:20","PDF","","","",,,,,0,0.00,0,5,,"… 2010 14 Château Rolland-Maillet, Saint-Emilion 2004 15 Cardial Gin, Carpano Sweet Vermouth and Campari, Served on the Rocks … 2011 145 Ramey Wine Cellars, Sonoma Coast 2010 60 … 2009 90 Flowers Vineyard & Winery ""Andreen-Gale"" Sonoma Coast 2007 120 …"
0,"T Pinney","8. Ernest and Julio Gallo: Creating New Markets",2012,"The Makers of American Wine","degruyter.com","https://www.degruyter.com/document/doi/10.1525/9780520952225-011/html","",106,"2021-05-06 20:54:20","","","","",,,,,0,0.00,0,1,9,"… I still think [he wrote] it is to the advantage of both our winery and the wholesal- ers for them not to take on competitive wine lines … We have a list of wines— generic table wines, varietals, sparkling wines, beverage wines, dessert wines, coolers, and vermouth, as well as brandy …"
0,"C Tichi","Gilded Age Cocktails: History, Lore, and Recipes from America's Golden Age",2021,"","books.google.com","https://books.google.com/books?hl=en&lr=&id=ja0eEAAAQBAJ&oi=fnd&pg=PA1&dq=wermouth+wine+martini&ots=J4SyVyHe4m&sig=Y5dFWM-oQoXzbSVOleDiwYleI4Y","",109,"2021-05-06 20:54:20","BOOK","","","",,,,,0,0.00,0,1,1,"… Newspapers that advertised new inventories of liquors, wines, and ale also provided outlets for the opinions … The cocktail lived on, featured on the drink menus and wine lists at other hotels … (The ice is presumed.) tHe dUpleX Ingredients 1½ ounces French vermouth 1½ ounces …"
